Date,Day,Predicted_Revenue,Base_Forecast,Trend_Adjustment
2025-08-01,Friday,22744.49,22758.15,-13.66
2025-08-02,Saturday,24956.42,24986.41,-29.99
2025-08-03,Sunday,25073.73,25118.96,-45.23
2025-08-04,Monday,31897.08,31973.84,-76.77
2025-08-05,Tuesday,27730.58,27814.06,-83.47
2025-08-06,Wednesday,23100.23,23183.72,-83.49
2025-08-07,Thursday,21939.55,22032.12,-92.57
2025-08-08,Friday,22648.87,22758.15,-109.28
2025-08-09,Saturday,24851.44,24986.41,-134.98
2025-08-10,Sunday,24968.19,25118.96,-150.77
2025-08-11,Monday,31762.74,31973.84,-211.11
2025-08-12,Tuesday,27613.72,27814.06,-200.34
2025-08-13,Wednesday,23002.82,23183.72,-180.9
2025-08-14,Thursday,21846.98,22032.12,-185.14
2025-08-15,Friday,22553.25,22758.15,-204.9
2025-08-16,Saturday,24746.45,24986.41,-239.96
2025-08-17,Sunday,24862.65,25118.96,-256.31
2025-08-18,Monday,31628.4,31973.84,-345.45
2025-08-19,Tuesday,27496.86,27814.06,-317.2
2025-08-20,Wednesday,22905.41,23183.72,-278.31
2025-08-21,Thursday,21754.41,22032.12,-277.71
2025-08-22,Friday,22457.63,22758.15,-300.52
2025-08-23,Saturday,24641.47,24986.41,-344.94
2025-08-24,Sunday,24757.11,25118.96,-361.85
2025-08-25,Monday,31494.06,31973.84,-479.79
2025-08-26,Tuesday,27379.99,27814.06,-434.06
2025-08-27,Wednesday,22808.01,23183.72,-375.72
2025-08-28,Thursday,21661.84,22032.12,-370.28
2025-08-29,Friday,22362.01,22758.15,-396.14
2025-08-30,Saturday,24536.49,24986.41,-449.92
